WORD,THEME
Software,INFORMATICA
Hardware,INFORMATICA
Navegador,INFORMATICA
Cookies,INFORMATICA
Memoria,INFORMATICA
Virus,INFORMATICA
Direccion,INFORMATICA
Router,INFORMATICA
USB,INFORMATICA
Teclado,INFORMATICA
BaseDatos,INFORMATICA
Depuracion,INFORMATICA
Directorio,INFORMATICA
Monitor,INFORMATICA
Kernel,INFORMATICA
LAN,INFORMATICA
Laptop,INFORMATICA
Lenguaje,INFORMATICA
RealidadVirtual,INFORMATICA
Reboot,INFORMATICA
ROM,INFORMATICA
Servidor,INFORMATICA
SistemaOperativo,INFORMATICA
Gigabyte,INFORMATICA
Hashtag,INFORMATICA
HTML,INFORMATICA
Periferico,INFORMATICA
Plugin,INFORMATICA
Responsive,INFORMATICA
SEM,INFORMATICA
Spam,INFORMATICA
Trafico,INFORMATICA
Webinar,INFORMATICA
Fetch,INFORMATICA
Clic,INFORMATICA
Django,INFORMATICA
Ordenador,INFORMATICA
FastAPI,INFORMATICA
Conectar,INFORMATICA
Aplicacion,INFORMATICA
Bateria,INFORMATICA
Algoritmo,INFORMATICA
AnchoBanda,INFORMATICA
APIRest,INFORMATICA
Backup,INFORMATICA
BigData,INFORMATICA
Blockchain,INFORMATICA
CloudComputing,INFORMATICA
Compilador,INFORMATICA
CPU,INFORMATICA
Criptografía,INFORMATICA
Cyberseguridad,INFORMATICA
Dominio,INFORMATICA
E-commerce,INFORMATICA
Encriptacion,INFORMATICA
Firewall,INFORMATICA
Framework,INFORMATICA
GPU,INFORMATICA
Hacker,INFORMATICA
IA,INFORMATICA
IDE,INFORMATICA
Java,INFORMATICA
JavaScript,INFORMATICA
MachineLearning,INFORMATICA
Malware,INFORMATICA
Microprocesador,INFORMATICA
Modem,INFORMATICA
Nube,INFORMATICA
Phishing,INFORMATICA
Pixel,INFORMATICA
Protocolo,INFORMATICA
Python,INFORMATICA
Red,INFORMATICA
Renderizar,INFORMATICA
Robotica,INFORMATICA
SaaS,INFORMATICA
Scrum,INFORMATICA
SEO,INFORMATICA
Smartphone,INFORMATICA
Query,INFORMATICA
Streaming,INFORMATICA
Wi-Fi,INFORMATICA
UI/UX,INFORMATICA
VPN,INFORMATICA
Atletismo,ESPORTS
Baloncesto,ESPORTS
Ciclismo,ESPORTS
Boxeo,ESPORTS
Gimnasia,ESPORTS
Rugby,ESPORTS
Voleibol,ESPORTS
Golf,ESPORTS
Esquiar,ESPORTS
Patinaje,ESPORTS
Escalada,ESPORTS
Taichi,ESPORTS
Triatleta,ESPORTS
Maratoniano,ESPORTS
Entrenamiento,ESPORTS
Competencia,ESPORTS
Equipo,ESPORTS
Jugador,ESPORTS
Entrenador,ESPORTS
Arbitro,ESPORTS
Medalla,ESPORTS
Trofeo,ESPORTS
Record,ESPORTS
Tactica,ESPORTS
Lesion,ESPORTS
Calentamiento,ESPORTS
Resistencia,ESPORTS
Fuerza,ESPORTS
Agilidad,ESPORTS
Velocidad,ESPORTS
Flexibilidad,ESPORTS
Nutricion,ESPORTS
Hidratacion,ESPORTS
Suplemento,ESPORTS
Recuperacion,ESPORTS
Psicologia,ESPORTS
Motivacion,ESPORTS
Disciplina,ESPORTS
Fairplay,ESPORTS
Aficion,ESPORTS
Estadio,ESPORTS
Gimnasio,ESPORTS
Liga,ESPORTS
Clasificacion,ESPORTS
Rivales,ESPORTS
Espectador,ESPORTS
Desempeño,ESPORTS
Actividad,ESPORTS
Ejercicio,ESPORTS
Calzado,ESPORTS
Equipamiento,ESPORTS
Carrera,ESPORTS
Salto,ESPORTS
Lanzamiento,ESPORTS
Saque,ESPORTS
Circuito,ESPORTS
Temporada,ESPORTS
Seleccion,ESPORTS
Federacion,ESPORTS
Evento,ESPORTS
Deportista,ESPORTS
Deportividad,ESPORTS
Culturismo,ESPORTS
Crossfit,ESPORTS
Amateur,ESPORTS
Professional,ESPORTS
Filial,ESPORTS
Competicion,ESPORTS
Olimpiadas,ESPORTS
Eurocopa,ESPORTS
Medallista,ESPORTS
Finalista,ESPORTS
Ciclon,ESPORTS
Maraton,ESPORTS
Balonmano,ESPORTS
Snowboard,ESPORTS
Karate,ESPORTS
FutbolSala,ESPORTS
Badminton,ESPORTS
Patinaje,ESPORTS
Motociclismo,ESPORTS
Halterofilia,ESPORTS
Tiroconarco,ESPORTS
Surfing,ESPORTS
Rugby,ESPORTS
Beckham,ESPORTS
Aventura,AVENTURA
Exploracion,AVENTURA
Mochila,AVENTURA
Excursion,AVENTURA
Senderismo,AVENTURA
Campamento,AVENTURA
Naturaleza,AVENTURA
Adrenalina,AVENTURA
Riesgo,AVENTURA
Descubrimiento,AVENTURA
Navegacion,AVENTURA
Safari,AVENTURA
Expedicion,AVENTURA
Rutas,AVENTURA
Paisaje,AVENTURA
Escapada,AVENTURA
Cueva,AVENTURA
Montana,AVENTURA
Río,AVENTURA
Oceano,AVENTURA
Isla,AVENTURA
Desierto,AVENTURA
Busqueda,AVENTURA
Mapas,AVENTURA
Brujula,AVENTURA
Linterna,AVENTURA
Fuego,AVENTURA
Caminos,AVENTURA
Desafio,AVENTURA
Supervivencia,AVENTURA
Cascada,AVENTURA
Fauna,AVENTURA
Flora,AVENTURA
Fotografia,AVENTURA
Cultura,AVENTURA
Gastronomia,AVENTURA
Historia,AVENTURA
Leyenda,AVENTURA
Viaje,AVENTURA
Conexion,AVENTURA
Experiencia,AVENTURA
Inmersion,AVENTURA
Diversion,AVENTURA
Companeros,AVENTURA
Horizonte,AVENTURA
Sorpresa,AVENTURA
Emocion,AVENTURA
Libertad,AVENTURA
Escapismo,AVENTURA
Tranquilidad,AVENTURA
Energia,AVENTURA
Inspiracion,AVENTURA
Meditacion,AVENTURA
Refugio,AVENTURA
Encuentro,AVENTURA
Relajacion,AVENTURA
Viento,AVENTURA
Sonrisa,AVENTURA
Recuerdos,AVENTURA
Valentia,AVENTURA
Rutas,AVENTURA
Caminos,AVENTURA
Explorador,AVENTURA
Frontera,AVENTURA
Incertidumbre,AVENTURA
Cumbre,AVENTURA
Selva,AVENTURA
Nieve,AVENTURA
Olas,AVENTURA
Travesia,AVENTURA
Conquista,AVENTURA
Horizonte,AVENTURA
Temeridad,AVENTURA
Valle,AVENTURA
Maravilla,AVENTURA
Destino,AVENTURA
Caminante,AVENTURA
Trekking,AVENTURA
Cima,AVENTURA
Encimera,CUINA
Receta,CUINA
Ingredientes,CUINA
Sabor,CUINA
Sazonar,CUINA
Cuchillo,CUINA
Sarten,CUINA
Olla,CUINA
Horno,CUINA
Batidora,CUINA
Mezcla,CUINA
Sal,CUINA
Aceite,CUINA
Vinagre,CUINA
Azucar,CUINA
Leche,CUINA
Carne,CUINA
Pescado,CUINA
Marisco,CUINA
Especias,CUINA
Caldo,CUINA
Sopa,CUINA
Guiso,CUINA
Asado,CUINA
Frito,CUINA
Hervido,CUINA
Grillado,CUINA
Tostado,CUINA
Rebozado,CUINA
